{"cameraMode":{"drawMode":0,"name":"Shaded","section":"Shading Mode"},"sceneLighting":false,"audioPlay":false,"sceneViewState":{"showFog":true,"showMaterialUpdate":false,"showSkybox":false,"showFlares":true,"showImageEffects":true,"showParticleSystems":true},"in2DMode":false,"pivot":{"x":5.051639080047607,"y":5.5448079109191898,"z":-0.7414913177490234},"rotation":{"x":0.005841727368533611,"y":0.9901102185249329,"z":-0.13328394293785096,"w":0.04339468106627464},"size":4.810535430908203,"orthographic":false}