{"cameraMode":{"drawMode":0,"name":"Shaded","section":"Shading Mode"},"sceneLighting":false,"audioPlay":false,"sceneViewState":{"showFog":true,"showMaterialUpdate":true,"showSkybox":false,"showFlares":true,"showImageEffects":true,"showParticleSystems":true},"in2DMode":false,"pivot":{"x":-0.30000001192092898,"y":4.269999980926514,"z":0.039999961853027347},"rotation":{"x":0.0001140479653258808,"y":0.9989823698997498,"z":0.04498424381017685,"w":-0.003267730586230755},"size":5.237751483917236,"orthographic":true}