{"cameraMode":{"drawMode":0,"name":"Shaded","section":"Shading Mode"},"sceneLighting":false,"audioPlay":false,"sceneViewState":{"showFog":true,"showMaterialUpdate":true,"showSkybox":false,"showFlares":true,"showImageEffects":true,"showParticleSystems":true},"in2DMode":false,"pivot":{"x":3.7799999713897707,"y":4.679999828338623,"z":-0.10000002384185791},"rotation":{"x":-0.005277392920106649,"y":-0.9158215522766113,"z":-0.012098186649382115,"w":0.40136855840682986},"size":4.830302715301514,"orthographic":true}