{"cameraMode":{"drawMode":0,"name":"Shaded","section":"Shading Mode"},"sceneLighting":true,"audioPlay":false,"sceneViewState":{"showFog":true,"showMaterialUpdate":true,"showSkybox":true,"showFlares":true,"showImageEffects":true,"showParticleSystems":true},"in2DMode":false,"pivot":{"x":9.370214462280274,"y":10.531211853027344,"z":10.187685012817383},"rotation":{"x":0.3319544792175293,"y":-0.45291703939437868,"z":0.18647220730781556,"w":0.8061641454696655},"size":92.53411102294922,"orthographic":true}